{
  "placeholderImages": [
    {
      "id": "maths-hero",
      "description": "Abstract image representing mathematics",
      "imageUrl": "https://images.unsplash.com/photo-1628278179233-18609e498398?crop=entropy&cs=tinysrgb&fit=max&fm=jpg&ixid=M3w3NDE5ODJ8MHwxfHNlYXJjaHw0fHxtYXRoZW1hdGljcyUyMGFic3RyYWN0fGVufDB8fHx8MTc2MTE1NTQwNHww&ixlib=rb-4.1.0&q=80&w=1080",
      "imageHint": "mathematics abstract"
    },
    {
      "id": "science-hero",
      "description": "Abstract image representing science",
      "imageUrl": "https://images.unsplash.com/photo-1582719471384-894fbb16e074?crop=entropy&cs=tinysrgb&fit=max&fm=jpg&ixid=M3w3NDE5ODJ8MHwxfHNlYXJjaHwxMHx8c2NpZW5jZSUyMGxhYnxlbnwwfHx8fDE3NjExODQ5Mjd8MA&ixlib=rb-4.1.0&q=80&w=1080",
      "imageHint": "science lab"
    },
    {
      "id": "sst-hero",
      "description": "Image representing social studies",
      "imageUrl": "https://images.unsplash.com/photo-1759141251414-2e21c5ea7ade?crop=entropy&cs=tinysrgb&fit=max&fm=jpg&ixid=M3w3NDE5ODJ8MHwxfHNlYXJjaHw5fHxoaXN0b3J5JTIwbW9udW1lbnR8ZW58MHx8fHwxNzYxMjI1NzE2fDA&ixlib=rb-4.1.0&q=80&w=1080",
      "imageHint": "history monument"
    },
    {
      "id": "hindi-hero",
      "description": "Image representing Hindi language",
      "imageUrl": "https://images.unsplash.com/photo-1680453140919-f535419b3fc5?crop=entropy&cs=tinysrgb&fit=max&fm=jpg&ixid=M3w3NDE5ODJ8MHwxfHNlYXJjaHwxMHx8aGluZGklMjBzY3JpcHR8ZW58MHx8fHwxNzYxMTMyMDA0fDA&ixlib=rb-4.1.0&q=80&w=1080",
      "imageHint": "hindi script"
    },
    {
      "id": "english-hero",
      "description": "Image representing English language",
      "imageUrl": "https://images.unsplash.com/photo-1657548951227-fd776f7b96ab?crop=entropy&cs=tinysrgb&fit=max&fm=jpg&ixid=M3w3NDE5ODJ8MHwxfHNlYXJjaHwyfHxlbmdsaXNoJTIwYm9va3N8ZW58MHx8fHwxNzYxMjI1NzE2fDA&ixlib=rb-4.1.0&q=80&w=1080",
      "imageHint": "english books"
    },
    {
      "id": "sanskrit-hero",
      "description": "Image representing Sanskrit language",
      "imageUrl": "https://images.unsplash.com/photo-1725007995230-7b02bec01141?crop=entropy&cs=tinysrgb&fit=max&fm=jpg&ixid=M3w3NDE5ODJ8MHwxfHNlYXJjaHw3fHxzYW5za3JpdCUyMG1hbnVzY3JpcHR8ZW58MHx8fHwxNzYxMTYzMTEzfDA&ixlib=rb-4.1.0&q=80&w=1080",
      "imageHint": "sanskrit manuscript"
    },
    {
      "id": "hero-banner",
      "description": "A student studying",
      "imageUrl": "https://images.unsplash.com/photo-1514369118554-e20d93546b30?crop=entropy&cs=tinysrgb&fit=max&fm=jpg&ixid=M3w3NDE5ODJ8MHwxfHNlYXJjaHwxfHxzdHVkZW50JTIwc3R1ZHlpbmd8ZW58MHx8fHwxNzYxMTQxMTE4fDA&ixlib=rb-4.1.0&q=80&w=1080",
      "imageHint": "student studying"
    }
  ]
}